,lr,elapse,train_losses,train_loss_joints,train_loss_root,len(dataset)
0,0.0005,754.6789920330048,0.5064941048622131,0.2181907743215561,0.28830352425575256,34420
